country_code,country,average_mv,player_quant
ALB,Albania,3475000,32
DZA,Algeria,6332352.94,34
AGO,Angola,1657692.31,13
ARG,Argentina,9313913.04,115
ARM,Armenia,2484375,8
AUS,Australia,1086363.64,22
AUT,Austria,6838265.31,49
AZE,Azerbaijan,200000,2
BLR,Belarus,445000,10
BEL,Belgium,3588162.54,283
BEN,Benin,3333333.33,3
BOL,Bolivia,400000,1
BIH,Bosnia-Herzegovina,1717948.72,39
BRA,Brazil,8331583.63,282
BGR,Bulgaria,908333.33,9
BFA,Burkina Faso,5792307.69,13
BDI,Burundi,7000000,1
CMR,Cameroon,4414444.44,45
CAN,Canada,9453125,16
CPV,Cape Verde,1094047.62,21
CAF,Central African Republic,20000000,1
TCD,Chad,1000000,1
CHL,Chile,3050000,12
COL,Colombia,7908152.17,46
COM,Comoros,833333.33,6
COD,Congo,706250,16
CRI,Costa Rica,1608333.33,6
CIV,Cote d'Ivoire,6607627.12,59
HRV,Croatia,6216901.41,71
CUW,Curacao,518750,8
CYP,Cyprus,1150000,6
CZE,Czech Republic,6817391.3,23
DNK,Denmark,2432539.68,254
DOM,Dominican Republic,5033333.33,3
COD,DR Congo,4930555.56,18
ECU,Ecuador,6864705.88,17
EGY,Egypt,19000000,6
GNQ,Equatorial Guinea,1200000,2
EST,Estonia,250000,2
FRO,Faroe Islands,125000,2
FIN,Finland,1313461.54,13
FRA,France,7804049.68,464
GUF,French Guiana,1300000,2
GAB,Gabon,3704166.67,6
GEO,Georgia,6257812.5,16
DEU,Germany,6122990.35,311
GHA,Ghana,4486403.51,57
GRC,Greece,1038510.1,206
GRD,Grenada,1900000,2
GLP,Guadeloupe,2480000,5
GIN,Guinea,3116379.31,29
GNB,Guinea-Bissau,1941666.67,6
HTI,Haiti,480000,5
HND,Honduras,900000,6
HUN,Hungary,7866666.67,12
ISL,Iceland,1123913.04,23
IDN,Indonesia,1037500,2
IRN,Iran,4281818.18,11
IRQ,Iraq,750000,2
IRL,Ireland,2693103.45,29
ISR,Israel,3808333.33,12
ITA,Italy,6289215.69,255
JAM,Jamaica,5895833.33,12
JPN,Japan,4002173.91,46
JOR,Jordan,1800000,1
KAZ,Kazakhstan,1700000,5
KEN,Kenya,3125000,2
KOR,"Korea, South",13690909.09,11
KOV,Kosovo,3848750,20
LVA,Latvia,800000,1
LBY,Libya,14000000,1
LTU,Lithuania,400000,4
LUX,Luxembourg,2414285.71,7
MDG,Madagascar,1600000,5
MYS,Malaysia,100000,1
MLI,Mali,5347368.42,39
MLT,Malta,2125000,2
MTQ,Martinique,2000000,3
MRT,Mauritania,2000000,2
MEX,Mexico,9607692.31,13
MDA,Moldova,980000,5
MNE,Montenegro,2212500,14
MSR,Montserrat,350000,1
MAR,Morocco,4647619.03,63
MOZ,Mozambique,4533333.33,6
NLD,Netherlands,3791878.53,354
NZL,New Zealand,1896875,8
NGA,Nigeria,6872656.25,65
MKD,North Macedonia,3075000,16
NOR,Norway,6807936.51,63
PSE,Palestine,600000,1
PAN,Panama,2250000,2
PRY,Paraguay,5505000,10
PER,Peru,2233333.33,6
PHL,Philippines,4500000,1
POL,Poland,5813636.36,55
PRT,Portugal,5867800.63,317
ROU,Romania,1997222.22,18
RUS,Russia,1521347.4,308
SEN,Senegal,5160294.12,68
SRB,Serbia,5921323.53,68
SLE,Sierra Leone,1000000,5
SVK,Slovakia,6677380.95,21
SVN,Slovenia,4084090.91,22
ZAF,South Africa,1250000,4
SSD,Southern Sudan,150000,1
ESP,Spain,7093278.3,425
SUR,Suriname,2807142.86,7
SWE,Sweden,3780519.48,77
CHE,Switzerland,7216447.37,38
SYR,Syria,575000,2
TZA,Tanzania,1116666.67,3
THA,Thailand,450000,1
GMB,The Gambia,1889705.88,17
TGO,Togo,2068181.82,11
TTO,Trinidad and Tobago,2550000,2
TUN,Tunisia,2015277.78,18
TUR,Turkey,1816904.76,315
UGA,Uganda,335000,5
UKR,Ukraine,965885.42,394
GBR,United Kingdom,5728471.27,469
USA,United States,6809782.61,46
URY,Uruguay,10111224.49,49
UZB,Uzbekistan,2180000,5
VEN,Venezuela,1585714.29,14
RNR,Zambia,6070000,5
ZWE,Zimbabwe,4750000,4
AFG,Afghanistan,0,0
ARE,United Arab Emirates,0,0
ATA,Antarctica,0,0
ATF,French Southern Territories,0,0
BGD,Bangladesh,0,0
BHS,Bahamas,0,0
BLZ,Belize,0,0
BMU,Bermuda,0,0
BRN,Brunei Darussalam,0,0
BTN,Bhutan,0,0
BWA,Botswana,0,0
CHN,China,0,0
CUB,Cuba,0,0
DJI,Djibouti,0,0
ERI,Eritrea,0,0
ETH,Ethiopia,0,0
FJI,Fiji,0,0
FLK,Falkland Islands (malvinas),0,0
GRL,Greenland,0,0
GTM,Guatemala,0,0
GUY,Guyana,0,0
IND,India,0,0
KGZ,Kyrgyzstan,0,0
KHM,Cambodia,0,0
KWT,Kuwait,0,0
LAO,Lao People's Democratic Republic,0,0
LBN,Lebanon,0,0
LBR,Liberia,0,0
LKA,Sri Lanka,0,0
LSO,Lesotho,0,0
MMR,Myanmar,0,0
MNG,Mongolia,0,0
MWI,Malawi,0,0
NAM,Namibia,0,0
NCL,New Caledonia,0,0
NER,Niger,0,0
NIC,Nicaragua,0,0
NPL,Nepal,0,0
OMN,Oman,0,0
PAK,Pakistan,0,0
PNG,Papua New Guinea,0,0
PRI,Puerto Rico,0,0
PRK,"Korea, Democratic People's Republic Of",0,0
QAT,Qatar,0,0
RWA,Rwanda,0,0
ESH,Western Sahara,0,0
SAU,Saudi Arabia,0,0
SDN,Sudan,0,0
SLB,Solomon Islands,0,0
SLV,El Salvador,0,0
SOM,Somalia,0,0
SWZ,Swaziland,0,0
TJK,Tajikistan,0,0
TKM,Turkmenistan,0,0
TLS,Timor-leste,0,0
TWN,Taiwan,0,0
VNM,Viet Nam,0,0
VUT,Vanuatu,0,0
YEM,Yemen,0,0
